{
"mainSystem":{
    "objective":{"f":[700.4, 700.1, 700], "R":697.32, "d":16, "di":50, "n": [1.4997115, 1.499926181, 1.499997783]},
    "eyespace":{"f":[-10.4, -10.1, -10], "R":16.14, "d":12, "di":10, "n": [1.674871492, 1.693448694, 1.699878798]}
},
"triplet":{
    "convergentLens":{"f":[142.9, 142.5, 142], "R":140.14, "d":11, "di":10, "n": [1.496814641, 1.498221638, 1.499991599]},
    "divergentLens":{"f":[-96.8, -96.5, -96], "R":137.02, "d":13, "di": 10, "n": [1.694252521, 1.696386755, 1.699973262]},
    "planarConvergentLens":{"f":[274.5, 274.3, 274.05], "R":138.5, "d":11, "di":10, "n": [1.504553734, 1.504921619, 1.50538223]}
},
"object":{
    "mars":{"so":1320, "do":6779E6},
    "moon":{"so":1320, "do":255}
}
}

