{
"mainSystem":{
    "objective":{"f":[711.2486545, 708.1858026, 700], "R":739.348, "d":4, "di":50, "n": [1.52024, 1.52249, 1.5286]},
    "eyespace":{"f":[-10.24358516, -10.17883523, -10], "R":15.123, "d":4, "di":10, "n": [1.69872, 1.70400, 1.71659]}
},
"objetiveTriplet":{
    "convergentLens":{"f":[310.3281, 309.1667, 306.5576], "R":275.1229, "d":4, "di":50, "n": [1.49514, 1.49700, 1.50123]},
    "divergentMeniscusLens":{"f":[-242.5923, -240.9549, -237.2265], "R":-351.2628, "d":4, "di": 50, "n": [1.60922, 1.61336, 1.62300]},
    "concavePlaneLens":{"f":[429.4947, 426.5802, 419.8289], "R":259.6683, "d":4, "di":10, "n": [1.60157, 1.60568, 1.61542]}
},
"eyespaceTriplet":{
    "divergentLens":{"f":[-4.4333, -4.4167, -4.3794], "R": -5.0550, "d":4, "di":50, "n": [1.49514, 1.49700, 1.50123]},
    "convergentMeniscusLens":{"f":[3.4656, 3.4422, 3.3889], "R":4.3256, "d":4, "di": 10, "n": [1.60157, 1.60568, 1.61542]},
    "convexPlaneLens":{"f":[-6.1356, -6.0940,  -5.9976], "R":27.2771, "d":4, "di":10, "n": [1.48379, 1.48656, 1.49056]}
},
"object":{
    "mars":{"so":1320, "do":255},
    "moon":{"so":1320, "do":255}
}
}

